size,w,h,count
1000x1333,1000,1333,1
1000x519,1000,519,1
1000x603,1000,603,1
1000x639,1000,639,1
1000x647,1000,647,1
1000x667,1000,667,3
1000x668,1000,668,1
1000x674,1000,674,1
1000x705,1000,705,1
1000x706,1000,706,1
1000x719,1000,719,1
1000x750,1000,750,2
1000x813,1000,813,1
1000x887,1000,887,1
1001x921,1001,921,1
100x100,100,100,13
100x108,100,108,1
100x126,100,126,1
100x129,100,129,1
100x130,100,130,1
100x143,100,143,1
100x149,100,149,1
100x155,100,155,1
100x162,100,162,1
100x46,100,46,1
100x49,100,49,1
100x65,100,65,1
100x66,100,66,2
100x67,100,67,1
100x75,100,75,8
100x79,100,79,1
100x80,100,80,1
100x84,100,84,1
100x85,100,85,1
1016x690,1016,690,1
101x120,101,120,2
1020x665,1020,665,1
1022x681,1022,681,1
1022x768,1022,768,1
1023x682,1023,682,4
1023x768,1023,768,1
1024x1024,1024,1024,2
1024x1499,1024,1499,1
1024x520,1024,520,1
1024x557,1024,557,1
1024x666,1024,666,1
1024x681,1024,681,1
1024x682,1024,682,1
1024x685,1024,685,2
1024x686,1024,686,1
1024x693,1024,693,1
1024x702,1024,702,1
1024x768,1024,768,45
1024x877,1024,877,1
1028x1028,1028,1028,1
102x108,102,108,1
102x120,102,120,1
102x128,102,128,1
1048x1572,1048,1572,1
104x121,104,121,1
104x135,104,135,1
1050x735,1050,735,1
1055x791,1055,791,1
105x105,105,105,1
105x120,105,120,1
105x149,105,149,1
1061x668,1061,668,1
1068x563,1068,563,1
106x130,106,130,1
106x150,106,150,1
106x160,106,160,2
106x93,106,93,1
1071x1600,1071,1600,1
1075x1505,1075,1505,1
1075x717,1075,717,1
1075x806,1075,806,1
1077x1693,1077,1693,1
107x131,107,131,1
107x143,107,143,1
107x150,107,150,1
107x156,107,156,1
1084x872,1084,872,1
1088x816,1088,816,2
108x145,108,145,1
1100x733,1100,733,1
1108x472,1108,472,1
110x110,110,110,2
110x126,110,126,1
110x76,110,76,1
1113x599,1113,599,1
111x111,111,111,1
111x125,111,125,1
111x168,111,168,1
1122x528,1122,528,1
1125x739,1125,739,1
1129x845,1129,845,1
112x168,112,168,1
112x174,112,174,1
1134x850,1134,850,1
1136x852,1136,852,1
1138x853,1138,853,2
113x78,113,78,1
113x96,113,96,1
114x124,114,124,1
114x168,114,168,1
114x170,114,170,1
114x63,114,63,1
1151x789,1151,789,1
1153x271,1153,271,1
115x69,115,69,1
1162x773,1162,773,1
1166x875,1166,875,1
116x86,116,86,1
116x89,116,89,1
116x93,116,93,1
1172x1172,1172,1172,1
1180x788,1180,788,1
118x111,118,111,1
118x118,118,118,1
118x230,118,230,1
1191x893,1191,893,1
1191x907,1191,907,1
119x144,119,144,1
119x180,119,180,1
1200x1123,1200,1123,1
1200x1206,1200,1206,1
1200x1600,1200,1600,9
1200x799,1200,799,1
1200x800,1200,800,4
1200x812,1200,812,1
1200x900,1200,900,5
1204x903,1204,903,1
120x104,120,104,1
120x120,120,120,8
120x126,120,126,1
120x131,120,131,1
120x160,120,160,1
120x203,120,203,1
120x212,120,212,1
120x63,120,63,1
120x71,120,71,1
120x74,120,74,1
120x78,120,78,1
120x79,120,79,1
120x80,120,80,2
120x94,120,94,1
1216x1052,1216,1052,1
121x100,121,100,1
121x94,121,94,1
1229x819,1229,819,1
123x123,123,123,1
123x128,123,128,2
123x299,123,299,1
123x98,123,98,1
1240x744,1240,744,1
124x87,124,87,1
125x100,125,100,1
125x124,125,124,1
125x125,125,125,3
125x144,125,144,1
125x179,125,179,1
125x59,125,59,1
125x83,125,83,1
125x84,125,84,1
125x90,125,90,1
125x93,125,93,2
1262x585,1262,585,1
126x126,126,126,1
126x282,126,282,1
1277x1999,1277,1999,1
127x128,127,128,1
1280x1024,1280,1024,4
1280x720,1280,720,1
1280x852,1280,852,1
1280x960,1280,960,14
1280x986,1280,986,1
1285x790,1285,790,1
1289x933,1289,933,1
128x104,128,104,1
128x106,128,106,1
128x119,128,119,1
128x126,128,126,1
128x140,128,140,1
128x160,128,160,1
128x192,128,192,1
128x325,128,325,1
128x73,128,73,1
128x96,128,96,3
1296x776,1296,776,1
1296x972,1296,972,2
129x112,129,112,1
129x92,129,92,1
129x96,129,96,1
130x130,130,130,2
130x155,130,155,1
130x160,130,160,1
130x163,130,163,1
130x320,130,320,1
130x58,130,58,1
130x86,130,86,2
130x92,130,92,1
130x98,130,98,3
1317x914,1317,914,1
1320x990,1320,990,1
1327x924,1327,924,1
1329x1273,1329,1273,1
132x90,132,90,1
133x100,133,100,2
133x134,133,134,1
133x200,133,200,1
133x99,133,99,1
134x250,134,250,1
1350x900,1350,900,1
1350x996,1350,996,1
1358x640,1358,640,1
135x100,135,100,1
135x101,135,101,2
135x112,135,112,1
135x125,135,125,1
135x127,135,127,1
135x135,135,135,2
135x181,135,181,1
135x240,135,240,1
1360x890,1360,890,1
1362x945,1362,945,1
136x157,136,157,1
137x100,137,100,1
137x103,137,103,3
137x91,137,91,1
137x94,137,94,1
1383x1451,1383,1451,1
1386x2426,1386,2426,1
139x150,139,150,1
139x207,139,207,1
1400x1050,1400,1050,1
1400x1091,1400,1091,1
1400x1400,1400,1400,1
1401x957,1401,957,1
140x101,140,101,1
140x140,140,140,4
140x95,140,95,1
141x160,141,160,1
141x202,141,202,1
1425x368,1425,368,1
1428x1071,1428,1071,1
1429x1010,1429,1010,1
142x192,142,192,1
142x285,142,285,1
142x400,142,400,1
142x89,142,89,1
143x128,143,128,1
143x180,143,180,1
144x108,144,108,2
144x130,144,130,1
145x102,145,102,1
145x127,145,127,1
145x150,145,150,1
145x336,145,336,1
145x97,145,97,1
146x123,146,123,1
146x150,146,150,1
1476x1000,1476,1000,1
147x80,147,80,1
1480x902,1480,902,1
148x160,148,160,1
1496x2083,1496,2083,1
1497x1213,1497,1213,1
149x200,149,200,1
149x250,149,250,1
1500x1000,1500,1000,1
1500x1024,1500,1024,1
150x100,150,100,1
150x102,150,102,1
150x107,150,107,1
150x108,150,108,1
150x110,150,110,1
150x112,150,112,3
150x113,150,113,6
150x114,150,114,1
150x117,150,117,1
150x118,150,118,1
150x119,150,119,1
150x127,150,127,1
150x128,150,128,1
150x130,150,130,1
150x132,150,132,2
150x140,150,140,1
150x144,150,144,1
150x150,150,150,6
150x180,150,180,3
150x181,150,181,1
150x185,150,185,1
150x186,150,186,1
150x190,150,190,1
150x200,150,200,4
150x225,150,225,5
150x240,150,240,1
150x250,150,250,1
150x271,150,271,1
150x53,150,53,1
150x95,150,95,1
150x98,150,98,1
150x99,150,99,1
151x209,151,209,1
151x216,151,216,1
1524x1019,1524,1019,1
152x160,152,160,1
152x180,152,180,1
152x300,152,300,1
152x97,152,97,1
1533x2055,1533,2055,1
1536x1024,1536,1024,3
1536x2048,1536,2048,2
153x135,153,135,1
153x188,153,188,1
1544x1024,1544,1024,1
154x160,154,160,1
154x200,154,200,1
155x109,155,109,1
1561x2112,1561,2112,1
156x160,156,160,1
156x200,156,200,1
157x136,157,136,1
157x207,157,207,1
157x208,157,208,1
158x150,158,150,1
158x242,158,242,1
1592x1052,1592,1052,1
1593x1950,1593,1950,1
159x109,159,109,1
159x179,159,179,1
159x240,159,240,1
1600x1041,1600,1041,1
1600x1061,1600,1061,1
1600x1065,1600,1065,1
1600x1067,1600,1067,4
1600x1068,1600,1068,1
1600x1087,1600,1087,1
1600x1200,1600,1200,21
1600x1202,1600,1202,1
1600x913,1600,913,1
160x104,160,104,1
160x106,160,106,1
160x107,160,107,1
160x109,160,109,1
160x119,160,119,2
160x120,160,120,12
160x123,160,123,1
160x126,160,126,1
160x127,160,127,1
160x128,160,128,1
160x132,160,132,1
160x142,160,142,1
160x152,160,152,1
160x154,160,154,1
160x157,160,157,1
160x160,160,160,8
160x170,160,170,3
160x174,160,174,1
160x176,160,176,1
160x240,160,240,5
160x250,160,250,1
160x288,160,288,1
160x50,160,50,1
160x71,160,71,1
160x92,160,92,1
160x95,160,95,1
161x240,161,240,1
162x148,162,148,1
162x210,162,210,1
162x300,162,300,1
163x107,163,107,1
163x243,163,243,1
164x124,164,124,1
1655x1082,1655,1082,1
165x248,165,248,1
166x100,166,100,1
166x238,166,238,1
166x250,166,250,1
167x125,167,125,1
167x131,167,131,1
1680x1050,1680,1050,1
168x168,168,168,1
168x224,168,224,1
169x400,169,400,1
1704x2272,1704,2272,1
170x113,170,113,1
170x135,170,135,1
170x136,170,136,1
170x150,170,150,1
170x170,170,170,1
170x210,170,210,1
170x255,170,255,1
1712x1253,1712,1253,1
1712x686,1712,686,1
1716x1776,1716,1776,1
1718x939,1718,939,1
1720x1160,1720,1160,1
172x132,172,132,1
173x216,173,216,1
174x225,174,225,1
175x125,175,125,1
175x175,175,175,2
175x183,175,183,1
175x184,175,184,1
175x247,175,247,1
176x110,176,110,1
176x144,176,144,1
176x198,176,198,1
176x200,176,200,2
176x220,176,220,1
176x237,176,237,1
177x170,177,170,1
177x252,177,252,1
178x133,178,133,1
178x136,178,136,1
178x238,178,238,1
178x267,178,267,1
178x340,178,340,1
179x160,179,160,1
179x207,179,207,1
1800x1920,1800,1920,1
180x101,180,101,1
180x124,180,124,1
180x135,180,135,5
180x136,180,136,1
180x141,180,141,1
180x145,180,145,1
180x180,180,180,5
180x191,180,191,1
180x192,180,192,1
180x201,180,201,1
180x220,180,220,1
180x240,180,240,12
180x253,180,253,1
180x377,180,377,1
181x193,181,193,1
183x132,183,132,1
183x178,183,178,1
183x213,183,213,1
183x220,183,220,1
184x119,184,119,1
184x257,184,257,1
184x370,184,370,1
184x500,184,500,1
185x120,185,120,1
185x127,185,127,1
185x185,185,185,1
186x140,186,140,1
186x207,186,207,1
187x187,187,187,1
187x207,187,207,1
187x250,187,250,1
188x159,188,159,1
188x188,188,188,2
188x210,188,210,1
1896x1316,1896,1316,1
1900x1266,1900,1266,1
190x109,190,109,1
190x127,190,127,1
190x143,190,143,1
190x150,190,150,1
190x170,190,170,1
190x177,190,177,1
190x186,190,186,1
190x190,190,190,1
190x260,190,260,1
190x282,190,282,1
190x285,190,285,1
191x500,191,500,1
1920x1080,1920,1080,1
1920x2560,1920,2560,1
1921x1367,1921,1367,1
192x128,192,128,2
192x150,192,150,1
192x230,192,230,1
192x244,192,244,1
1938x1065,1938,1065,1
193x267,193,267,1
193x500,193,500,2
1944x1296,1944,1296,1
194x161,194,161,1
194x167,194,167,1
194x297,194,297,1
194x500,194,500,1
1951x1411,1951,1411,1
195x130,195,130,1
195x242,195,242,2
195x300,195,300,1
196x225,196,225,1
196x240,196,240,1
196x262,196,262,1
197x136,197,136,1
197x200,197,200,1
197x500,197,500,1
1984x1488,1984,1488,1
198x185,198,185,1
198x195,198,195,1
198x198,198,198,1
198x200,198,200,2
198x253,198,253,1
198x258,198,258,1
198x286,198,286,1
198x311,198,311,1
198x90,198,90,1
199x188,199,188,1
199x199,199,199,1
2000x1333,2000,1333,1
2000x2000,2000,2000,1
200x120,200,120,1
200x121,200,121,1
200x132,200,132,2
200x133,200,133,3
200x137,200,137,1
200x141,200,141,1
200x142,200,142,2
200x143,200,143,1
200x144,200,144,1
200x148,200,148,1
200x149,200,149,1
200x150,200,150,16
200x152,200,152,1
200x154,200,154,1
200x155,200,155,1
200x160,200,160,3
200x165,200,165,2
200x174,200,174,1
200x175,200,175,2
200x177,200,177,1
200x178,200,178,1
200x181,200,181,1
200x182,200,182,1
200x183,200,183,1
200x190,200,190,1
200x191,200,191,1
200x195,200,195,1
200x198,200,198,3
200x199,200,199,1
200x200,200,200,26
200x202,200,202,1
200x203,200,203,1
200x210,200,210,1
200x212,200,212,1
200x217,200,217,2
200x233,200,233,1
200x235,200,235,1
200x240,200,240,1
200x242,200,242,1
200x243,200,243,1
200x247,200,247,2
200x250,200,250,1
200x257,200,257,1
200x260,200,260,1
200x262,200,262,1
200x268,200,268,1
200x276,200,276,1
200x281,200,281,1
200x295,200,295,1
200x300,200,300,1
200x302,200,302,1
200x313,200,313,1
200x320,200,320,1
200x364,200,364,1
200x406,200,406,1
2019x800,2019,800,1
201x151,201,151,1
201x152,201,152,1
201x300,201,300,1
201x320,201,320,1
202x134,202,134,1
2032x1524,2032,1524,1
203x300,203,300,1
2048x1536,2048,1536,10
2048x2166,2048,2166,1
204x135,204,135,2
204x137,204,137,1
204x150,204,150,1
204x194,204,194,1
2056x1543,2056,1543,1
2056x2040,2056,2040,1
2059x1406,2059,1406,1
205x130,205,130,1
205x280,205,280,1
205x302,205,302,1
2062x1605,2062,1605,1
206x140,206,140,1
206x289,206,289,1
206x300,206,300,1
206x500,206,500,1
207x234,207,234,1
207x240,207,240,1
207x250,207,250,1
208x134,208,134,1
209x177,209,177,1
209x320,209,320,1
2100x1395,2100,1395,1
2100x1500,2100,1500,1
210x137,210,137,1
210x190,210,190,1
210x210,210,210,3
210x222,210,222,1
210x280,210,280,1
210x325,210,325,1
210x500,210,500,2
211x142,211,142,1
211x178,211,178,1
211x240,211,240,1
211x300,211,300,1
211x350,211,350,1
2128x2832,2128,2832,1
212x141,212,141,1
212x148,212,148,1
213x150,213,150,1
213x290,213,290,1
213x296,213,296,1
213x299,213,299,1
2144x1814,2144,1814,1
2144x1908,2144,1908,1
2145x2953,2145,2953,1
214x214,214,214,1
214x500,214,500,1
216x120,216,120,1
216x143,216,143,1
216x173,216,173,1
216x192,216,192,1
216x216,216,216,2
216x241,216,241,1
216x270,216,270,1
216x288,216,288,2
216x331,216,331,1
216x332,216,332,1
216x407,216,407,1
216x500,216,500,1
217x162,217,162,1
217x273,217,273,1
2184x1632,2184,1632,1
218x124,218,124,1
218x211,218,211,1
218x277,218,277,1
218x296,218,296,1
219x130,219,130,1
219x156,219,156,1
219x171,219,171,1
219x176,219,176,1
219x300,219,300,1
219x330,219,330,1
2200x1192,2200,1192,1
220x159,220,159,1
220x165,220,165,1
220x180,220,180,1
220x188,220,188,1
220x197,220,197,1
220x198,220,198,1
220x200,220,200,1
220x220,220,220,5
220x285,220,285,1
220x293,220,293,1
220x304,220,304,1
220x330,220,330,1
220x497,220,497,1
2210x1628,2210,1628,1
221x216,221,216,1
221x378,221,378,1
221x400,221,400,1
221x660,221,660,1
222x152,222,152,1
222x155,222,155,1
222x222,222,222,1
222x285,222,285,1
222x333,222,333,1
222x580,222,580,1
223x153,223,153,1
223x231,223,231,1
2240x1488,2240,1488,1
224x240,224,240,1
224x258,224,258,1
224x320,224,320,1
224x380,224,380,1
2256x2362,2256,2362,1
225x137,225,137,1
225x152,225,152,1
225x169,225,169,1
225x176,225,176,1
225x194,225,194,1
225x217,225,217,1
225x225,225,225,3
225x255,225,255,1
225x300,225,300,2
225x342,225,342,1
225x353,225,353,1
225x460,225,460,1
226x179,226,179,1
226x195,226,195,1
226x202,226,202,1
226x227,226,227,1
226x500,226,500,2
2272x1704,2272,1704,7
227x167,227,167,1
227x170,227,170,1
227x337,227,337,1
2288x1712,2288,1712,1
228x222,228,222,1
228x304,228,304,1
228x320,228,320,1
229x357,229,357,1
2304x1728,2304,1728,1
230x205,230,205,1
230x212,230,212,2
230x230,230,230,2
230x259,230,259,1
230x340,230,340,1
2310x1354,2310,1354,1
2312x852,2312,852,1
231x158,231,158,1
231x238,231,238,1
231x300,231,300,1
231x500,231,500,1
2324x1612,2324,1612,1
2325x378,2325,378,1
232x299,232,299,1
233x291,233,291,1
233x350,233,350,6
233x443,233,443,1
233x500,233,500,1
234x291,234,291,1
234x375,234,375,1
2352x1432,2352,1432,1
235x160,235,160,1
235x235,235,235,2
235x314,235,314,1
235x500,235,500,1
236x500,236,500,1
237x316,237,316,1
237x350,237,350,1
238x286,238,286,1
238x355,238,355,1
239x179,239,179,2
239x229,239,229,1
239x300,239,300,1
239x320,239,320,1
239x400,239,400,1
2400x1760,2400,1760,1
2400x1800,2400,1800,1
2400x2185,2400,2185,1
240x135,240,135,1
240x145,240,145,1
240x150,240,150,2
240x156,240,156,2
240x159,240,159,3
240x160,240,160,14
240x161,240,161,2
240x168,240,168,1
240x170,240,170,1
240x171,240,171,1
240x176,240,176,1
240x177,240,177,1
240x180,240,180,31
240x181,240,181,1
240x182,240,182,1
240x183,240,183,1
240x184,240,184,1
240x198,240,198,1
240x200,240,200,1
240x205,240,205,1
240x221,240,221,1
240x227,240,227,1
240x236,240,236,1
240x240,240,240,6
240x254,240,254,1
240x300,240,300,1
240x318,240,318,1
240x320,240,320,4
240x333,240,333,1
240x345,240,345,2
240x361,240,361,1
240x500,240,500,1
2416x1860,2416,1860,1
241x196,241,196,1
241x225,241,225,1
241x281,241,281,1
241x289,241,289,1
241x300,241,300,1
242x259,242,259,1
242x300,242,300,1
242x500,242,500,1
243x399,243,399,1
2448x1632,2448,1632,1
244x160,244,160,1
244x178,244,178,1
244x227,244,227,1
244x374,244,374,1
245x181,245,181,1
245x327,245,327,1
246x206,246,206,1
246x249,246,249,1
247x267,247,267,1
247x350,247,350,2
247x377,247,377,1
247x443,247,443,1
247x500,247,500,1
248x316,248,316,1
248x333,248,333,1
249x167,249,167,1
249x187,249,187,1
249x217,249,217,1
249x350,249,350,1
249x500,249,500,1
2500x2000,2500,2000,1
250x120,250,120,1
250x128,250,128,1
250x143,250,143,1
250x147,250,147,1
250x158,250,158,1
250x160,250,160,1
250x162,250,162,2
250x166,250,166,3
250x167,250,167,3
250x168,250,168,1
250x169,250,169,2
250x176,250,176,1
250x177,250,177,1
250x180,250,180,1
250x182,250,182,1
250x184,250,184,1
250x185,250,185,1
250x187,250,187,5
250x188,250,188,5
250x195,250,195,1
250x197,250,197,2
250x198,250,198,1
250x199,250,199,1
250x200,250,200,3
250x201,250,201,1
250x207,250,207,1
250x211,250,211,2
250x219,250,219,1
250x221,250,221,1
250x223,250,223,1
250x243,250,243,1
250x245,250,245,1
250x250,250,250,18
250x253,250,253,1
250x259,250,259,1
250x261,250,261,1
250x263,250,263,1
250x271,250,271,1
250x278,250,278,1
250x286,250,286,1
250x298,250,298,2
250x300,250,300,2
250x301,250,301,1
250x327,250,327,1
250x333,250,333,2
250x342,250,342,1
250x372,250,372,1
250x375,250,375,2
250x389,250,389,1
250x395,250,395,1
250x438,250,438,1
250x500,250,500,1
2522x2082,2522,2082,1
252x158,252,158,1
252x175,252,175,1
252x189,252,189,1
252x196,252,196,1
252x257,252,257,1
252x360,252,360,2
252x500,252,500,1
2531x1577,2531,1577,1
253x380,253,380,4
254x152,254,152,1
254x232,254,232,1
254x258,254,258,1
254x500,254,500,1
2558x1560,2558,1560,1
2558x1916,2558,1916,1
255x172,255,172,1
255x244,255,244,1
255x284,255,284,1
255x500,255,500,1
2560x1920,2560,1920,1
256x170,256,170,1
256x192,256,192,1
256x341,256,341,1
256x384,256,384,1
256x500,256,500,1
2576x1952,2576,1952,1
257x180,257,180,1
257x235,257,235,1
257x252,257,252,1
257x340,257,340,1
257x352,257,352,1
257x428,257,428,1
258x298,258,298,1
2592x3872,2592,3872,1
2592x3888,2592,3888,1
259x148,259,148,1
260x170,260,170,1
260x178,260,178,1
260x260,260,260,2
260x320,260,320,1
260x378,260,378,1
260x425,260,425,1
261x169,261,169,1
261x193,261,193,1
261x389,261,389,1
261x444,261,444,1
262x150,262,150,1
262x206,262,206,1
262x250,262,250,1
262x350,262,350,1
263x175,263,175,1
263x230,263,230,1
263x350,263,350,2
264x184,264,184,1
264x400,264,400,1
265x190,265,190,1
265x192,265,192,1
265x350,265,350,1
265x388,265,388,1
265x400,265,400,1
266x258,266,258,1
266x354,266,354,1
266x400,266,400,3
267x199,267,199,1
267x200,267,200,2
267x356,267,356,1
267x400,267,400,3
267x410,267,410,1
268x136,268,136,1
268x163,268,163,1
268x222,268,222,1
268x400,268,400,1
269x180,269,180,1
2700x1590,2700,1590,1
270x165,270,165,1
270x182,270,182,1
270x203,270,203,1
270x221,270,221,1
270x250,270,250,1
270x270,270,270,5
270x287,270,287,1
270x400,270,400,1
271x237,271,237,1
271x300,271,300,1
271x320,271,320,1
271x400,271,400,1
271x480,271,480,1
271x500,271,500,2
271x700,271,700,1
272x181,272,181,1
272x182,272,182,1
272x307,272,307,1
272x308,272,308,1
272x420,272,420,1
273x206,273,206,1
273x399,273,399,1
273x400,273,400,1
273x640,273,640,1
274x320,274,320,2
274x400,274,400,1
275x103,275,103,1
275x166,275,166,1
275x220,275,220,1
275x243,275,243,1
275x262,275,262,1
275x275,275,275,2
275x277,275,277,1
275x290,275,290,1
275x303,275,303,1
275x402,275,402,1
275x413,275,413,1
276x200,276,200,1
276x265,276,265,1
276x400,276,400,1
277x200,277,200,1
277x277,277,277,1
277x336,277,336,1
277x400,277,400,2
277x500,277,500,2
278x267,278,267,1
278x400,278,400,1
278x500,278,500,2
279x190,279,190,1
279x344,279,344,1
279x397,279,397,1
279x500,279,500,2
280x130,280,130,1
280x150,280,150,1
280x160,280,160,1
280x184,280,184,1
280x185,280,185,1
280x186,280,186,1
280x190,280,190,1
280x200,280,200,1
280x210,280,210,3
280x257,280,257,1
280x277,280,277,1
280x280,280,280,18
280x300,280,300,1
280x368,280,368,1
280x411,280,411,1
280x420,280,420,1
2816x2112,2816,2112,2
281x272,281,272,1
281x345,281,345,1
281x500,281,500,4
282x125,282,125,1
282x232,282,232,1
282x239,282,239,1
282x301,282,301,1
282x302,282,302,1
282x420,282,420,1
282x500,282,500,3
283x212,283,212,1
283x213,283,213,2
283x233,283,233,1
283x425,283,425,1
283x500,283,500,2
2848x2136,2848,2136,1
2848x2144,2848,2144,1
284x149,284,149,1
284x350,284,350,1
285x207,285,207,1
285x500,285,500,1
286x134,286,134,1
286x192,286,192,1
286x222,286,222,1
286x249,286,249,1
286x254,286,254,1
287x400,287,400,1
287x500,287,500,1
288x130,288,130,1
288x187,288,187,2
288x198,288,198,1
288x223,288,223,1
288x232,288,232,1
288x233,288,233,1
288x248,288,248,1
288x257,288,257,1
288x298,288,298,1
288x341,288,341,1
288x345,288,345,1
288x352,288,352,1
288x384,288,384,1
288x432,288,432,1
288x450,288,450,1
289x431,289,431,1
289x500,289,500,2
289x580,289,580,1
289x652,289,652,1
2900x2175,2900,2175,1
290x194,290,194,1
290x226,290,226,1
290x236,290,236,1
290x255,290,255,1
290x258,290,258,1
290x270,290,270,1
290x400,290,400,1
290x433,290,433,1
290x500,290,500,1
290x682,290,682,1
291x289,291,289,1
291x500,291,500,2
292x190,292,190,1
292x252,292,252,1
292x436,292,436,1
292x500,292,500,2
292x564,292,564,1
293x385,293,385,1
293x500,293,500,1
294x234,294,234,1
294x360,294,360,1
294x380,294,380,1
294x386,294,386,1
294x412,294,412,1
294x425,294,425,1
294x500,294,500,2
2958x2048,2958,2048,1
295x198,295,198,1
295x402,295,402,1
295x500,295,500,3
295x501,295,501,1
295x578,295,578,1
296x188,296,188,1
296x400,296,400,1
296x412,296,412,1
296x500,296,500,1
297x453,297,453,1
297x456,297,456,1
297x500,297,500,1
298x450,298,450,1
298x500,298,500,2
299x216,299,216,1
299x217,299,217,2
299x243,299,243,1
299x299,299,299,1
299x320,299,320,1
299x380,299,380,1
299x448,299,448,1
299x450,299,450,2
3008x2000,3008,2000,1
300x129,300,129,1
300x151,300,151,1
300x172,300,172,1
300x174,300,174,2
300x180,300,180,1
300x182,300,182,2
300x186,300,186,1
300x188,300,188,1
300x189,300,189,1
300x190,300,190,1
300x198,300,198,3
300x199,300,199,1
300x200,300,200,6
300x201,300,201,3
300x205,300,205,1
300x207,300,207,1
300x215,300,215,1
300x217,300,217,1
300x220,300,220,1
300x221,300,221,1
300x222,300,222,2
300x223,300,223,1
300x224,300,224,2
300x225,300,225,19
300x226,300,226,2
300x227,300,227,1
300x236,300,236,1
300x237,300,237,1
300x239,300,239,1
300x240,300,240,2
300x242,300,242,1
300x247,300,247,1
300x249,300,249,1
300x250,300,250,3
300x253,300,253,1
300x254,300,254,1
300x258,300,258,1
300x260,300,260,1
300x264,300,264,1
300x265,300,265,2
300x269,300,269,2
300x270,300,270,2
300x271,300,271,1
300x274,300,274,1
300x276,300,276,1
300x278,300,278,2
300x280,300,280,1
300x281,300,281,1
300x287,300,287,2
300x294,300,294,1
300x295,300,295,1
300x298,300,298,1
300x299,300,299,1
300x300,300,300,28
300x302,300,302,1
300x303,300,303,1
300x316,300,316,1
300x317,300,317,1
300x318,300,318,1
300x330,300,330,1
300x334,300,334,1
300x343,300,343,1
300x350,300,350,2
300x363,300,363,1
300x367,300,367,1
300x369,300,369,1
300x378,300,378,1
300x379,300,379,1
300x385,300,385,1
300x388,300,388,1
300x400,300,400,23
300x401,300,401,1
300x403,300,403,1
300x421,300,421,2
300x431,300,431,2
300x450,300,450,4
300x453,300,453,1
300x469,300,469,1
300x470,300,470,2
300x500,300,500,2
300x520,300,520,1
300x523,300,523,1
300x544,300,544,1
300x574,300,574,1
300x599,300,599,1
300x694,300,694,1
300x78,300,78,1
301x195,301,195,1
301x229,301,229,1
301x331,301,331,1
301x470,301,470,3
302x305,302,305,1
302x500,302,500,4
303x225,303,225,1
303x228,303,228,1
303x282,303,282,1
303x500,303,500,1
304x285,304,285,1
304x380,304,380,1
304x448,304,448,1
304x500,304,500,1
305x170,305,170,1
305x228,305,228,1
305x291,305,291,1
305x360,305,360,1
305x376,305,376,1
305x391,305,391,1
305x400,305,400,2
305x432,305,432,1
305x471,305,471,1
305x500,305,500,1
306x204,306,204,1
306x208,306,208,1
306x284,306,284,1
306x500,306,500,2
306x633,306,633,1
3072x2048,3072,2048,2
3072x2304,3072,2304,1
307x231,307,231,1
307x279,307,279,1
307x400,307,400,2
307x450,307,450,1
307x500,307,500,1
307x519,307,519,1
308x173,308,173,1
308x263,308,263,1
308x333,308,333,1
308x410,308,410,1
308x500,308,500,1
308x510,308,510,1
309x350,309,350,1
309x500,309,500,1
310x207,310,207,1
310x242,310,242,1
310x248,310,248,1
310x263,310,263,1
310x291,310,291,1
310x310,310,310,1
310x330,310,330,1
310x500,310,500,1
310x586,310,586,1
311x207,311,207,1
311x400,311,400,1
311x415,311,415,1
311x425,311,425,1
311x500,311,500,2
312x208,312,208,1
312x254,312,254,1
312x309,312,309,1
312x312,312,312,1
312x600,312,600,1
313x400,313,400,1
313x500,313,500,4
314x230,314,230,1
314x235,314,235,2
314x500,314,500,2
314x570,314,570,1
315x214,315,214,1
315x234,315,234,1
315x421,315,421,1
315x500,315,500,1
316x187,316,187,1
316x234,316,234,1
316x386,316,386,1
316x400,316,400,1
316x500,316,500,3
316x616,316,616,1
317x380,317,380,1
317x440,317,440,1
317x500,317,500,2
318x350,318,350,1
318x500,318,500,2
319x296,319,296,1
319x388,319,388,1
319x425,319,425,1
319x480,319,480,1
319x500,319,500,3
3200x3484,3200,3484,1
320x178,320,178,1
320x179,320,179,1
320x190,320,190,1
320x198,320,198,1
320x205,320,205,1
320x213,320,213,2
320x215,320,215,1
320x240,320,240,28
320x244,320,244,1
320x262,320,262,1
320x265,320,265,1
320x268,320,268,2
320x278,320,278,1
320x300,320,300,1
320x306,320,306,1
320x320,320,320,2
320x326,320,326,1
320x414,320,414,1
320x480,320,480,6
320x500,320,500,5
320x540,320,540,1
321x295,321,295,1
321x305,321,305,1
321x480,321,480,1
322x215,322,215,1
322x227,322,227,1
322x500,322,500,2
323x410,323,410,1
323x500,323,500,4
324x203,324,203,1
324x243,324,243,1
324x271,324,271,1
324x400,324,400,1
324x432,324,432,2
324x480,324,480,2
324x500,324,500,5
325x189,325,189,1
325x211,325,211,1
325x217,325,217,1
325x244,325,244,2
325x295,325,295,1
325x325,325,325,3
325x330,325,330,1
325x453,325,453,1
325x480,325,480,1
325x500,325,500,4
326x178,326,178,1
326x243,326,243,1
326x279,326,279,1
326x287,326,287,1
326x387,326,387,1
326x498,326,498,1
326x500,326,500,10
327x327,327,327,1
327x400,327,400,1
327x500,327,500,2
328x220,328,220,1
328x246,328,246,2
328x440,328,440,1
328x470,328,470,1
328x500,328,500,7
329x223,329,223,1
329x500,329,500,5
330x220,330,220,1
330x252,330,252,1
330x263,330,263,1
330x330,330,330,2
330x450,330,450,2
330x480,330,480,1
330x500,330,500,7
331x263,331,263,1
331x414,331,414,1
331x441,331,441,1
331x492,331,492,1
331x500,331,500,16
332x250,332,250,1
332x325,332,325,1
332x500,332,500,56
333x249,333,249,1
333x250,333,250,1
333x349,333,349,1
333x500,333,500,520
333x599,333,599,1
334x500,334,500,116
335x280,335,280,1
335x500,335,500,38
335x504,335,504,1
335x640,335,640,1
336x300,336,300,1
336x336,336,336,2
336x387,336,387,1
336x388,336,388,1
336x448,336,448,3
336x450,336,450,1
336x500,336,500,12
337x450,337,450,2
337x500,337,500,9
337x508,337,508,1
337x550,337,550,1
338x450,338,450,1
338x500,338,500,13
338x507,338,507,1
339x242,339,242,1
339x360,339,360,1
339x500,339,500,4
339x530,339,530,1
340x233,340,233,1
340x234,340,234,1
340x235,340,235,1
340x255,340,255,3
340x334,340,334,1
340x340,340,340,2
340x378,340,378,1
340x402,340,402,1
340x500,340,500,16
340x510,340,510,1
340x525,340,525,1
340x576,340,576,1
341x314,341,314,1
341x441,341,441,1
341x500,341,500,4
342x226,342,226,1
342x400,342,400,1
342x450,342,450,1
342x483,342,483,1
342x500,342,500,10
343x239,343,239,1
343x300,343,300,1
343x400,343,400,2
343x500,343,500,5
343x520,343,520,1
344x160,344,160,1
344x332,344,332,1
344x500,344,500,6
345x243,345,243,1
345x259,345,259,1
345x270,345,270,1
345x400,345,400,1
345x421,345,421,1
345x500,345,500,4
346x360,346,360,1
346x403,346,403,1
346x500,346,500,6
347x321,347,321,1
347x448,347,448,1
347x457,347,457,1
347x500,347,500,3
347x594,347,594,1
348x500,348,500,5
348x545,348,545,1
349x198,349,198,1
349x287,349,287,1
349x332,349,332,1
349x378,349,378,1
349x385,349,385,1
349x500,349,500,9
349x584,349,584,1
34x379,34,379,1
350x124,350,124,1
350x160,350,160,1
350x179,350,179,1
350x198,350,198,1
350x199,350,199,1
350x210,350,210,1
350x216,350,216,1
350x217,350,217,1
350x231,350,231,1
350x232,350,232,1
350x233,350,233,8
350x234,350,234,1
350x235,350,235,1
350x239,350,239,1
350x245,350,245,1
350x247,350,247,1
350x250,350,250,1
350x252,350,252,1
350x260,350,260,1
350x261,350,261,1
350x262,350,262,3
350x263,350,263,6
350x270,350,270,1
350x278,350,278,1
350x284,350,284,1
350x289,350,289,1
350x300,350,300,3
350x304,350,304,1
350x309,350,309,1
350x316,350,316,1
350x325,350,325,1
350x328,350,328,1
350x334,350,334,1
350x343,350,343,1
350x347,350,347,1
350x350,350,350,10
350x354,350,354,1
350x375,350,375,1
350x383,350,383,1
350x386,350,386,1
350x387,350,387,1
350x392,350,392,1
350x400,350,400,1
350x411,350,411,1
350x449,350,449,1
350x450,350,450,2
350x461,350,461,1
350x467,350,467,1
350x476,350,476,1
350x480,350,480,2
350x493,350,493,1
350x497,350,497,1
350x500,350,500,12
350x522,350,522,1
350x525,350,525,1
350x529,350,529,1
350x533,350,533,1
350x584,350,584,1
351x267,351,267,1
351x289,351,289,1
351x336,351,336,1
351x350,351,350,1
351x360,351,360,1
351x417,351,417,1
351x420,351,420,2
351x468,351,468,1
351x500,351,500,5
352x288,352,288,2
352x500,352,500,6
353x382,353,382,1
353x450,353,450,1
353x500,353,500,10
353x858,353,858,1
354x300,354,300,1
354x372,354,372,1
354x500,354,500,11
354x529,354,529,1
355x237,355,237,1
355x308,355,308,1
355x320,355,320,1
355x450,355,450,2
355x500,355,500,8
356x247,356,247,1
356x315,356,315,1
356x410,356,410,1
356x475,356,475,1
356x500,356,500,10
357x244,357,244,1
357x500,357,500,34
358x477,358,477,1
358x500,358,500,7
359x235,359,235,1
359x239,359,239,1
359x307,359,307,1
359x359,359,359,1
359x480,359,480,2
359x500,359,500,9
359x526,359,526,1
359x533,359,533,1
359x608,359,608,1
360x140,360,140,1
360x174,360,174,1
360x199,360,199,1
360x240,360,240,1
360x241,360,241,1
360x250,360,250,1
360x251,360,251,1
360x270,360,270,6
360x275,360,275,2
360x278,360,278,1
360x279,360,279,1
360x281,360,281,1
360x285,360,285,1
360x288,360,288,1
360x290,360,290,1
360x311,360,311,1
360x338,360,338,1
360x342,360,342,1
360x344,360,344,1
360x355,360,355,1
360x360,360,360,12
360x374,360,374,1
360x398,360,398,1
360x400,360,400,1
360x450,360,450,2
360x460,360,460,1
360x480,360,480,13
360x488,360,488,1
360x500,360,500,3
361x200,361,200,1
361x361,361,361,1
361x409,361,409,1
361x482,361,482,1
361x500,361,500,7
362x292,362,292,1
362x464,362,464,1
362x500,362,500,4
362x550,362,550,1
363x242,363,242,1
363x336,363,336,1
363x432,363,432,1
363x500,363,500,12
363x600,363,600,1
3648x2736,3648,2736,1
364x210,364,210,1
364x225,364,225,1
364x340,364,340,1
364x352,364,352,1
364x389,364,389,1
364x500,364,500,6
365x274,365,274,1
365x275,365,275,1
365x500,365,500,3
365x550,365,550,1
366x299,366,299,1
366x301,366,301,1
366x500,366,500,5
367x288,367,288,1
367x450,367,450,2
367x500,367,500,3
368x263,368,263,1
368x500,368,500,5
369x251,369,251,1
369x380,369,380,1
369x400,369,400,1
369x500,369,500,6
370x264,370,264,1
370x276,370,276,1
370x281,370,281,1
370x290,370,290,1
370x370,370,370,1
370x375,370,375,1
370x426,370,426,1
370x500,370,500,6
370x613,370,613,1
371x241,371,241,1
371x309,371,309,1
371x495,371,495,1
371x500,371,500,10
371x509,371,509,1
372x500,372,500,5
373x273,373,273,1
373x497,373,497,1
373x500,373,500,11
373x560,373,560,1
374x297,374,297,1
374x500,374,500,29
375x249,375,249,1
375x250,375,250,4
375x256,375,256,1
375x281,375,281,1
375x310,375,310,1
375x489,375,489,1
375x500,375,500,1347
375x515,375,515,1
375x560,375,560,1
376x250,376,250,1
376x500,376,500,28
376x559,376,559,1
377x262,377,262,1
377x300,377,300,1
377x450,377,450,1
377x455,377,455,1
377x480,377,480,1
377x500,377,500,13
378x273,378,273,1
378x321,378,321,1
378x450,378,450,1
378x500,378,500,10
378x550,378,550,1
379x297,379,297,1
379x317,379,317,1
379x400,379,400,1
379x500,379,500,11
380x227,380,227,1
380x240,380,240,1
380x245,380,245,1
380x252,380,252,2
380x253,380,253,19
380x254,380,254,1
380x260,380,260,1
380x272,380,272,1
380x282,380,282,1
380x284,380,284,1
380x285,380,285,2
380x304,380,304,1
380x334,380,334,1
380x380,380,380,1
380x437,380,437,1
380x500,380,500,15
380x511,380,511,1
380x512,380,512,1
380x565,380,565,1
380x615,380,615,1
380x640,380,640,1
381x196,381,196,1
381x254,381,254,1
381x255,381,255,1
381x279,381,279,1
381x400,381,400,1
381x488,381,488,1
381x500,381,500,11
381x541,381,541,1
382x500,382,500,5
382x625,382,625,1
383x253,383,253,1
383x254,383,254,1
383x432,383,432,1
383x480,383,480,1
383x500,383,500,8
383x594,383,594,1
384x227,384,227,1
384x229,384,229,1
384x241,384,241,1
384x256,384,256,2
384x258,384,258,1
384x288,384,288,4
384x290,384,290,1
384x384,384,384,1
384x500,384,500,3
384x512,384,512,1
385x261,385,261,2
385x339,385,339,1
385x436,385,436,1
385x480,385,480,1
385x481,385,481,1
385x495,385,495,1
385x500,385,500,5
386x255,386,255,1
386x441,386,441,1
386x442,386,442,1
386x480,386,480,1
386x500,386,500,10
386x550,386,550,1
386x750,386,750,1
3872x2592,3872,2592,1
387x259,387,259,1
387x500,387,500,4
387x580,387,580,3
388x343,388,343,1
388x371,388,371,1
388x439,388,439,1
388x475,388,475,1
388x500,388,500,7
389x400,389,400,1
389x500,389,500,6
390x243,390,243,1
390x260,390,260,1
390x293,390,293,1
390x323,390,323,1
390x351,390,351,1
390x500,390,500,5
390x585,390,585,1
391x500,391,500,10
392x204,392,204,1
392x480,392,480,1
392x500,392,500,4
393x247,393,247,1
393x273,393,273,1
393x419,393,419,1
393x480,393,480,1
393x500,393,500,10
394x489,394,489,1
394x500,394,500,5
394x549,394,549,1
394x645,394,645,1
395x375,395,375,1
395x400,395,400,1
395x500,395,500,8
395x666,395,666,1
396x264,396,264,1
396x310,396,310,1
396x355,396,355,1
396x397,396,397,1
396x500,396,500,8
396x576,396,576,1
396x600,396,600,1
396x612,396,612,1
396x752,396,752,1
397x216,397,216,1
397x491,397,491,1
397x500,397,500,4
397x594,397,594,2
398x194,398,194,1
398x396,398,396,1
398x406,398,406,1
398x500,398,500,7
398x599,398,599,1
399x297,399,297,1
399x298,399,298,1
399x462,399,462,1
399x500,399,500,7
399x600,399,600,1
39x75,39,75,1
400x135,400,135,1
400x145,400,145,1
400x213,400,213,1
400x217,400,217,1
400x221,400,221,1
400x228,400,228,1
400x234,400,234,1
400x236,400,236,1
400x249,400,249,1
400x250,400,250,2
400x252,400,252,2
400x256,400,256,1
400x260,400,260,1
400x261,400,261,2
400x263,400,263,1
400x264,400,264,3
400x265,400,265,3
400x266,400,266,7
400x267,400,267,11
400x268,400,268,3
400x272,400,272,1
400x273,400,273,2
400x276,400,276,2
400x277,400,277,1
400x280,400,280,2
400x281,400,281,2
400x282,400,282,2
400x283,400,283,1
400x285,400,285,2
400x287,400,287,1
400x289,400,289,2
400x290,400,290,1
400x291,400,291,1
400x296,400,296,2
400x297,400,297,1
400x300,400,300,60
400x301,400,301,1
400x302,400,302,1
400x303,400,303,2
400x304,400,304,1
400x305,400,305,2
400x308,400,308,1
400x309,400,309,1
400x312,400,312,1
400x313,400,313,2
400x314,400,314,1
400x316,400,316,1
400x320,400,320,3
400x325,400,325,1
400x329,400,329,1
400x330,400,330,2
400x333,400,333,1
400x339,400,339,1
400x343,400,343,1
400x345,400,345,1
400x347,400,347,1
400x349,400,349,1
400x350,400,350,1
400x351,400,351,1
400x352,400,352,1
400x355,400,355,1
400x356,400,356,1
400x360,400,360,1
400x362,400,362,1
400x372,400,372,1
400x375,400,375,1
400x380,400,380,2
400x382,400,382,1
400x395,400,395,1
400x399,400,399,1
400x400,400,400,23
400x402,400,402,1
400x407,400,407,1
400x416,400,416,1
400x418,400,418,1
400x424,400,424,1
400x442,400,442,1
400x443,400,443,1
400x444,400,444,1
400x448,400,448,1
400x450,400,450,1
400x466,400,466,1
400x475,400,475,1
400x483,400,483,1
400x485,400,485,1
400x487,400,487,1
400x500,400,500,56
400x532,400,532,1
400x533,400,533,5
400x550,400,550,1
400x567,400,567,1
400x570,400,570,1
400x598,400,598,1
400x600,400,600,10
400x604,400,604,1
400x625,400,625,2
400x626,400,626,1
400x631,400,631,1
401x265,401,265,1
401x277,401,277,1
401x321,401,321,1
401x480,401,480,1
401x500,401,500,10
401x594,401,594,1
401x640,401,640,1
402x302,402,302,1
402x500,402,500,3
403x500,403,500,3
403x570,403,570,1
404x205,404,205,1
404x500,404,500,4
404x572,404,572,1
404x600,404,600,1
404x634,404,634,1
405x310,405,310,1
405x405,405,405,1
405x453,405,453,1
405x500,405,500,4
406x296,406,296,1
406x368,406,368,1
406x500,406,500,4
407x345,407,345,1
407x396,407,396,1
407x420,407,420,1
407x480,407,480,1
407x500,407,500,6
407x605,407,605,1
408x306,408,306,1
408x500,408,500,10
408x550,408,550,1
409x409,409,409,1
409x480,409,480,1
409x500,409,500,6
409x600,409,600,1
410x240,410,240,1
410x276,410,276,1
410x301,410,301,1
410x305,410,305,1
410x310,410,310,1
410x319,410,319,1
410x332,410,332,1
410x350,410,350,1
410x500,410,500,6
411x331,411,331,1
411x500,411,500,8
412x336,412,336,2
412x500,412,500,1
413x248,413,248,1
413x276,413,276,1
413x500,413,500,8
413x550,413,550,1
414x273,414,273,1
414x414,414,414,1
414x500,414,500,8
414x600,414,600,1
414x624,414,624,1
415x300,415,300,1
415x307,415,307,1
415x318,415,318,1
415x500,415,500,6
416x480,416,480,1
416x500,416,500,2
417x500,417,500,10
417x594,417,594,1
418x282,418,282,1
418x314,418,314,1
418x340,418,340,1
418x480,418,480,1
419x336,419,336,1
419x450,419,450,1
419x500,419,500,11
419x768,419,768,1
420x305,420,305,1
420x315,420,315,3
420x336,420,336,1
420x347,420,347,1
420x388,420,388,1
420x420,420,420,1
420x500,420,500,4
420x560,420,560,2
420x592,420,592,1
420x630,420,630,1
421x257,421,257,1
421x421,421,421,1
421x500,421,500,5
422x336,422,336,1
422x500,422,500,3
423x313,423,313,1
423x355,423,355,1
423x359,423,359,1
423x500,423,500,3
424x330,424,330,1
424x500,424,500,1
424x588,424,588,1
424x600,424,600,1
424x636,424,636,1
425x160,425,160,1
425x236,425,236,1
425x267,425,267,1
425x283,425,283,1
425x300,425,300,1
425x305,425,305,1
425x312,425,312,1
425x316,425,316,1
425x319,425,319,2
425x325,425,325,1
425x346,425,346,1
425x367,425,367,1
425x368,425,368,1
425x473,425,473,2
425x494,425,494,1
425x500,425,500,5
425x537,425,537,1
425x656,425,656,1
426x273,426,273,1
426x281,426,281,1
426x319,426,319,1
426x447,426,447,1
426x500,426,500,5
4272x2848,4272,2848,1
427x202,427,202,1
427x390,427,390,1
427x500,427,500,5
428x400,428,400,1
428x427,428,427,1
428x500,428,500,4
428x574,428,574,1
428x600,428,600,1
429x336,429,336,1
429x450,429,450,1
429x500,429,500,6
429x640,429,640,2
430x307,430,307,1
430x323,430,323,2
430x345,430,345,1
430x422,430,422,1
430x500,430,500,6
430x534,430,534,1
430x703,430,703,1
431x447,431,447,1
431x500,431,500,6
431x648,431,648,1
432x243,432,243,1
432x280,432,280,1
432x282,432,282,1
432x287,432,287,2
432x288,432,288,3
432x289,432,289,1
432x294,432,294,1
432x324,432,324,3
432x326,432,326,1
432x329,432,329,1
432x346,432,346,1
432x496,432,496,1
432x500,432,500,5
433x304,433,304,1
433x346,433,346,1
433x384,433,384,1
433x500,433,500,3
433x507,433,507,1
433x600,433,600,1
434x336,434,336,1
434x500,434,500,7
435x132,435,132,1
435x468,435,468,1
435x500,435,500,2
435x599,435,599,1
436x134,436,134,1
436x480,436,480,2
436x500,436,500,5
436x600,436,600,1
437x282,437,282,1
437x328,437,328,1
437x340,437,340,1
437x500,437,500,8
438x258,438,258,1
438x500,438,500,7
439x336,439,336,1
439x441,439,441,1
439x500,439,500,2
440x300,440,300,1
440x308,440,308,1
440x330,440,330,2
440x374,440,374,1
440x400,440,400,1
440x405,440,405,1
440x500,440,500,2
441x286,441,286,1
441x300,441,300,1
441x318,441,318,1
441x335,441,335,1
441x350,441,350,1
441x500,441,500,4
442x387,442,387,1
442x498,442,498,1
442x500,442,500,4
442x590,442,590,1
443x295,443,295,1
443x336,443,336,1
443x500,443,500,5
444x268,444,268,1
444x296,444,296,1
444x303,444,303,1
444x333,444,333,1
444x355,444,355,1
444x444,444,444,1
444x620,444,620,1
445x260,445,260,1
445x336,445,336,1
445x463,445,463,1
445x500,445,500,4
445x670,445,670,1
446x336,446,336,1
446x379,446,379,1
446x446,446,446,1
446x500,446,500,6
446x604,446,604,1
447x190,447,190,1
447x299,447,299,1
447x500,447,500,2
447x677,447,677,1
448x295,448,295,1
448x298,448,298,1
448x300,448,300,1
448x304,448,304,1
448x313,448,313,1
448x320,448,320,1
448x336,448,336,9
448x500,448,500,3
449x337,449,337,3
449x450,449,450,1
449x480,449,480,1
449x500,449,500,3
450x179,450,179,1
450x229,450,229,1
450x246,450,246,1
450x250,450,250,1
450x259,450,259,1
450x260,450,260,1
450x266,450,266,1
450x274,450,274,1
450x277,450,277,1
450x283,450,283,1
450x300,450,300,5
450x301,450,301,1
450x303,450,303,1
450x311,450,311,1
450x312,450,312,1
450x317,450,317,1
450x318,450,318,1
450x319,450,319,2
450x321,450,321,4
450x322,450,322,1
450x334,450,334,1
450x337,450,337,7
450x338,450,338,11
450x342,450,342,1
450x352,450,352,2
450x353,450,353,1
450x356,450,356,1
450x357,450,357,1
450x358,450,358,2
450x360,450,360,1
450x361,450,361,1
450x362,450,362,1
450x363,450,363,1
450x365,450,365,1
450x370,450,370,1
450x377,450,377,1
450x381,450,381,1
450x389,450,389,1
450x391,450,391,1
450x400,450,400,2
450x403,450,403,1
450x407,450,407,2
450x414,450,414,1
450x427,450,427,1
450x435,450,435,1
450x441,450,441,1
450x444,450,444,1
450x450,450,450,5
450x462,450,462,1
450x485,450,485,1
450x494,450,494,1
450x500,450,500,2
450x550,450,550,1
450x556,450,556,1
450x568,450,568,1
450x570,450,570,1
450x589,450,589,1
450x592,450,592,1
450x599,450,599,1
450x600,450,600,11
450x607,450,607,1
450x660,450,660,1
450x667,450,667,1
450x675,450,675,1
450x721,450,721,1
451x481,451,481,1
451x500,451,500,4
452x290,452,290,1
452x425,452,425,1
452x444,452,444,1
452x480,452,480,1
452x500,452,500,2
452x593,452,593,1
452x680,452,680,1
453x288,453,288,1
453x319,453,319,1
453x500,453,500,3
453x600,453,600,1
453x680,453,680,1
454x306,454,306,1
454x327,454,327,1
454x341,454,341,2
454x392,454,392,1
454x480,454,480,1
454x497,454,497,1
454x500,454,500,3
454x514,454,514,1
455x454,455,454,1
455x480,455,480,1
455x500,455,500,6
455x550,455,550,1
455x607,455,607,1
456x250,456,250,1
456x342,456,342,1
456x360,456,360,1
456x500,456,500,3
457x359,457,359,1
457x368,457,368,1
457x480,457,480,1
457x500,457,500,4
458x335,458,335,1
458x358,458,358,1
458x364,458,364,1
458x458,458,458,1
458x500,458,500,6
459x250,459,250,1
459x500,459,500,3
460x288,460,288,1
460x308,460,308,1
460x312,460,312,1
460x325,460,325,1
460x345,460,345,1
460x450,460,450,1
460x486,460,486,1
460x500,460,500,2
460x711,460,711,1
461x346,461,346,1
461x500,461,500,8
461x576,461,576,1
461x594,461,594,1
462x219,462,219,1
462x306,462,306,1
462x308,462,308,1
462x312,462,312,1
462x346,462,346,1
462x464,462,464,1
462x500,462,500,6
462x567,462,567,1
462x616,462,616,1
463x477,463,477,1
463x500,463,500,6
464x306,464,306,1
464x348,464,348,1
464x373,464,373,1
464x500,464,500,7
464x580,464,580,1
464x600,464,600,1
465x376,465,376,1
465x500,465,500,5
466x363,466,363,1
466x500,466,500,6
466x643,466,643,1
466x699,466,699,1
466x700,466,700,1
467x350,467,350,2
467x500,467,500,1
468x308,468,308,1
468x314,468,314,1
468x315,468,315,1
468x335,468,335,1
468x363,468,363,1
468x394,468,394,1
468x410,468,410,1
468x419,468,419,1
468x500,468,500,4
468x504,468,504,1
468x633,468,633,1
469x263,469,263,1
469x500,469,500,2
469x625,469,625,2
470x232,470,232,1
470x310,470,310,1
470x315,470,315,1
470x353,470,353,2
470x359,470,359,1
470x365,470,365,1
470x377,470,377,1
470x428,470,428,1
470x466,470,466,1
470x500,470,500,1
470x600,470,600,1
471x365,471,365,1
471x445,471,445,1
471x500,471,500,1
471x546,471,546,1
471x560,471,560,1
472x337,472,337,1
472x500,472,500,2
472x600,472,600,1
472x640,472,640,1
472x676,472,676,1
473x500,473,500,3
474x316,474,316,1
474x381,474,381,1
474x411,474,411,1
474x500,474,500,4
474x632,474,632,1
475x326,475,326,1
475x359,475,359,1
475x360,475,360,1
475x447,475,447,1
475x500,475,500,1
475x703,475,703,1
476x324,476,324,1
476x342,476,342,1
476x386,476,386,1
476x482,476,482,1
476x500,476,500,2
476x636,476,636,1
477x405,477,405,1
477x491,477,491,1
477x500,477,500,4
477x636,477,636,1
477x936,477,936,1
4786x4419,4786,4419,1
478x285,478,285,1
478x406,478,406,1
478x500,478,500,5
478x511,478,511,1
479x406,479,406,1
479x500,479,500,4
480x207,480,207,1
480x271,480,271,1
480x294,480,294,1
480x300,480,300,1
480x319,480,319,2
480x320,480,320,9
480x321,480,321,3
480x352,480,352,1
480x354,480,354,1
480x355,480,355,1
480x359,480,359,2
480x360,480,360,33
480x376,480,376,1
480x380,480,380,1
480x381,480,381,1
480x384,480,384,1
480x389,480,389,1
480x395,480,395,1
480x398,480,398,2
480x409,480,409,1
480x424,480,424,1
480x426,480,426,1
480x437,480,437,1
480x479,480,479,1
480x480,480,480,7
480x500,480,500,3
480x596,480,596,1
480x630,480,630,1
480x640,480,640,25
480x687,480,687,2
480x770,480,770,1
480x857,480,857,1
481x500,481,500,3
481x595,481,595,1
481x727,481,727,1
482x361,482,361,1
482x390,482,390,1
482x458,482,458,1
482x500,482,500,3
483x442,483,442,1
483x500,483,500,2
483x599,483,599,1
483x625,483,625,1
484x338,484,338,1
484x372,484,372,1
484x396,484,396,1
484x500,484,500,4
484x600,484,600,1
484x602,484,602,1
485x252,485,252,1
485x417,485,417,1
485x480,485,480,1
485x485,485,485,1
485x500,485,500,5
485x611,485,611,1
486x382,486,382,1
486x459,486,459,1
486x500,486,500,7
486x576,486,576,1
486x648,486,648,1
487x333,487,333,1
487x357,487,357,1
487x361,487,361,1
487x410,487,410,1
487x455,487,455,2
487x480,487,480,1
487x500,487,500,1
488x220,488,220,1
488x318,488,318,1
488x479,488,479,1
488x500,488,500,6
488x599,488,599,1
488x601,488,601,1
489x367,489,367,1
489x500,489,500,7
489x626,489,626,1
48x109,48,109,1
490x326,490,326,1
490x360,490,360,1
490x368,490,368,1
490x369,490,369,1
490x396,490,396,1
490x413,490,413,1
490x500,490,500,7
490x737,490,737,1
491x400,491,400,1
491x421,491,421,1
491x500,491,500,5
491x576,491,576,1
492x369,492,369,1
492x391,492,391,1
492x500,492,500,4
492x599,492,599,1
493x351,493,351,1
493x500,493,500,4
494x362,494,362,1
494x368,494,368,1
494x500,494,500,7
495x266,495,266,1
495x357,495,357,1
495x371,495,371,2
495x428,495,428,1
495x500,495,500,5
496x300,496,300,1
496x372,496,372,1
496x496,496,496,1
496x500,496,500,5
496x515,496,515,1
497x330,497,330,1
497x332,497,332,1
497x390,497,390,1
497x500,497,500,3
498x260,498,260,1
498x498,498,498,1
498x500,498,500,7
499x294,499,294,1
499x343,499,343,1
499x346,499,346,1
499x365,499,365,1
499x375,499,375,1
499x381,499,381,1
499x383,499,383,1
499x460,499,460,1
499x500,499,500,11
499x757,499,757,1
49x42,49,42,1
500x111,500,111,1
500x149,500,149,2
500x152,500,152,1
500x156,500,156,1
500x163,500,163,1
500x168,500,168,1
500x172,500,172,1
500x174,500,174,1
500x175,500,175,1
500x181,500,181,1
500x182,500,182,1
500x183,500,183,2
500x185,500,185,1
500x188,500,188,1
500x190,500,190,1
500x193,500,193,1
500x197,500,197,1
500x199,500,199,1
500x201,500,201,1
500x202,500,202,1
500x207,500,207,1
500x208,500,208,2
500x210,500,210,1
500x214,500,214,1
500x215,500,215,2
500x219,500,219,1
500x220,500,220,1
500x221,500,221,1
500x222,500,222,3
500x224,500,224,1
500x226,500,226,2
500x227,500,227,1
500x228,500,228,1
500x229,500,229,1
500x230,500,230,1
500x233,500,233,4
500x234,500,234,2
500x240,500,240,1
500x241,500,241,1
500x243,500,243,2
500x244,500,244,1
500x245,500,245,1
500x247,500,247,5
500x249,500,249,2
500x250,500,250,2
500x251,500,251,2
500x252,500,252,3
500x253,500,253,2
500x255,500,255,2
500x256,500,256,1
500x258,500,258,1
500x259,500,259,2
500x260,500,260,2
500x261,500,261,3
500x262,500,262,1
500x264,500,264,1
500x265,500,265,1
500x268,500,268,3
500x270,500,270,1
500x271,500,271,1
500x272,500,272,4
500x275,500,275,3
500x276,500,276,3
500x277,500,277,3
500x278,500,278,3
500x279,500,279,1
500x281,500,281,48
500x282,500,282,12
500x283,500,283,4
500x284,500,284,2
500x285,500,285,1
500x286,500,286,2
500x287,500,287,2
500x288,500,288,2
500x289,500,289,3
500x291,500,291,5
500x292,500,292,2
500x293,500,293,1
500x294,500,294,4
500x295,500,295,8
500x296,500,296,2
500x297,500,297,5
500x298,500,298,5
500x299,500,299,2
500x300,500,300,8
500x301,500,301,6
500x302,500,302,3
500x303,500,303,6
500x304,500,304,3
500x305,500,305,1
500x306,500,306,3
500x307,500,307,7
500x308,500,308,4
500x309,500,309,7
500x310,500,310,4
500x311,500,311,6
500x312,500,312,4
500x313,500,313,14
500x314,500,314,8
500x315,500,315,10
500x316,500,316,3
500x317,500,317,6
500x318,500,318,5
500x319,500,319,6
500x320,500,320,8
500x321,500,321,9
500x322,500,322,7
500x323,500,323,9
500x324,500,324,9
500x325,500,325,11
500x326,500,326,10
500x327,500,327,8
500x328,500,328,12
500x329,500,329,13
500x330,500,330,12
500x331,500,331,29
500x332,500,332,228
500x333,500,333,1502
500x334,500,334,415
500x335,500,335,130
500x336,500,336,45
500x337,500,337,21
500x338,500,338,41
500x339,500,339,29
500x340,500,340,32
500x341,500,341,25
500x342,500,342,17
500x343,500,343,25
500x344,500,344,24
500x345,500,345,13
500x346,500,346,20
500x347,500,347,22
500x348,500,348,14
500x349,500,349,22
500x350,500,350,15
500x351,500,351,24
500x352,500,352,23
500x353,500,353,21
500x354,500,354,30
500x355,500,355,11
500x356,500,356,17
500x357,500,357,76
500x358,500,358,23
500x359,500,359,20
500x360,500,360,16
500x361,500,361,17
500x362,500,362,18
500x363,500,363,14
500x364,500,364,10
500x365,500,365,12
500x366,500,366,12
500x367,500,367,14
500x368,500,368,20
500x369,500,369,20
500x370,500,370,12
500x371,500,371,13
500x372,500,372,13
500x373,500,373,19
500x374,500,374,99
500x375,500,375,4359
500x376,500,376,58
500x377,500,377,35
500x378,500,378,17
500x379,500,379,19
500x38,500,38,1
500x380,500,380,12
500x381,500,381,15
500x382,500,382,14
500x383,500,383,12
500x384,500,384,19
500x385,500,385,6
500x386,500,386,24
500x387,500,387,15
500x388,500,388,11
500x389,500,389,16
500x390,500,390,14
500x391,500,391,5
500x392,500,392,14
500x393,500,393,16
500x394,500,394,14
500x395,500,395,11
500x396,500,396,20
500x397,500,397,14
500x398,500,398,11
500x399,500,399,17
500x400,500,400,119
500x401,500,401,19
500x402,500,402,12
500x403,500,403,18
500x404,500,404,13
500x405,500,405,20
500x406,500,406,15
500x407,500,407,13
500x408,500,408,10
500x409,500,409,10
500x410,500,410,9
500x411,500,411,13
500x412,500,412,10
500x413,500,413,11
500x414,500,414,4
500x415,500,415,7
500x416,500,416,8
500x417,500,417,17
500x418,500,418,2
500x419,500,419,4
500x420,500,420,9
500x421,500,421,3
500x422,500,422,10
500x423,500,423,8
500x424,500,424,7
500x425,500,425,3
500x426,500,426,10
500x427,500,427,9
500x428,500,428,12
500x429,500,429,10
500x430,500,430,6
500x431,500,431,7
500x432,500,432,5
500x433,500,433,8
500x434,500,434,9
500x435,500,435,6
500x436,500,436,6
500x437,500,437,11
500x438,500,438,6
500x439,500,439,11
500x441,500,441,8
500x442,500,442,3
500x443,500,443,10
500x444,500,444,8
500x445,500,445,8
500x446,500,446,5
500x447,500,447,8
500x448,500,448,1
500x449,500,449,5
500x450,500,450,7
500x451,500,451,7
500x452,500,452,8
500x453,500,453,5
500x454,500,454,11
500x455,500,455,8
500x456,500,456,5
500x457,500,457,4
500x458,500,458,6
500x459,500,459,4
500x460,500,460,8
500x461,500,461,6
500x462,500,462,2
500x463,500,463,3
500x464,500,464,4
500x465,500,465,7
500x466,500,466,2
500x467,500,467,4
500x468,500,468,7
500x469,500,469,7
500x470,500,470,7
500x471,500,471,3
500x472,500,472,4
500x473,500,473,5
500x474,500,474,7
500x475,500,475,2
500x476,500,476,8
500x477,500,477,3
500x478,500,478,6
500x479,500,479,6
500x480,500,480,4
500x481,500,481,9
500x482,500,482,2
500x483,500,483,4
500x484,500,484,8
500x485,500,485,5
500x486,500,486,1
500x487,500,487,3
500x488,500,488,5
500x489,500,489,5
500x490,500,490,3
500x491,500,491,7
500x492,500,492,6
500x493,500,493,9
500x494,500,494,4
500x495,500,495,2
500x496,500,496,4
500x497,500,497,6
500x498,500,498,7
500x499,500,499,12
500x500,500,500,259
500x525,500,525,1
500x533,500,533,1
500x562,500,562,1
500x564,500,564,1
500x567,500,567,1
500x57,500,57,1
500x617,500,617,1
500x631,500,631,1
500x637,500,637,1
500x666,500,666,1
500x667,500,667,1
500x668,500,668,1
500x750,500,750,2
500x772,500,772,1
500x897,500,897,1
500x956,500,956,1
500x986,500,986,1
501x333,501,333,1
501x600,501,600,1
502x532,502,532,1
503x331,503,331,1
503x336,503,336,1
504x303,504,303,1
504x342,504,342,1
504x350,504,350,1
504x363,504,363,1
504x378,504,378,4
504x384,504,384,1
504x405,504,405,1
504x672,504,672,1
505x365,505,365,1
505x822,505,822,1
506x392,506,392,1
507x455,507,455,1
507x498,507,498,1
507x673,507,673,1
507x780,507,780,1
508x373,508,373,1
509x336,509,336,1
510x203,510,203,1
510x273,510,273,1
510x340,510,340,2
510x341,510,341,1
510x625,510,625,1
512x330,512,330,1
512x340,512,340,1
512x384,512,384,7
512x386,512,386,1
512x512,512,512,1
512x570,512,570,1
512x680,512,680,1
512x768,512,768,2
513x317,513,317,1
513x341,513,341,1
513x355,513,355,1
514x340,514,340,1
514x480,514,480,1
514x700,514,700,1
515x600,515,600,1
516x600,516,600,1
518x319,518,319,1
519x314,519,314,1
519x455,519,455,1
51x68,51,68,1
520x342,520,342,1
520x350,520,350,1
520x353,520,353,1
520x355,520,355,1
520x358,520,358,1
520x390,520,390,1
520x396,520,396,1
520x400,520,400,1
520x446,520,446,1
520x480,520,480,1
520x520,520,520,1
520x820,520,820,1
521x437,521,437,1
522x251,522,251,1
522x336,522,336,1
522x547,522,547,1
522x700,522,700,1
522x870,522,870,1
523x341,523,341,1
523x358,523,358,1
523x390,523,390,1
524x527,524,527,1
524x700,524,700,1
524x800,524,800,1
525x265,525,265,1
525x350,525,350,1
525x525,525,525,1
525x580,525,580,1
525x625,525,625,1
525x722,525,722,1
525x782,525,782,1
526x350,526,350,1
527x312,527,312,1
527x400,527,400,1
528x792,528,792,1
529x540,529,540,1
529x600,529,600,1
530x345,530,345,1
530x369,530,369,1
530x399,530,399,1
530x421,530,421,1
530x443,530,443,1
530x450,530,450,1
530x455,530,455,1
530x530,530,530,1
530x614,530,614,1
531x350,531,350,1
531x360,531,360,1
532x354,532,354,1
532x418,532,418,1
532x798,532,798,1
532x800,532,800,2
533x283,533,283,1
533x400,533,400,4
533x550,533,550,1
533x800,533,800,1
534x439,534,439,1
534x482,534,482,1
534x517,534,517,1
534x650,534,650,1
535x354,535,354,1
536x360,536,360,1
537x439,537,439,1
538x370,538,370,1
53x65,53,65,1
540x348,540,348,1
540x360,540,360,1
540x365,540,365,1
540x367,540,367,1
540x398,540,398,1
540x405,540,405,1
540x480,540,480,1
540x540,540,540,1
540x594,540,594,1
542x700,542,700,1
542x720,542,720,1
542x800,542,800,1
543x322,543,322,1
544x408,544,408,1
544x438,544,438,1
544x684,544,684,1
545x362,545,362,1
545x420,545,420,1
545x844,545,844,1
546x458,546,458,1
547x410,547,410,1
547x730,547,730,1
548x600,548,600,1
549x383,549,383,1
549x420,549,420,1
550x1521,550,1521,1
550x265,550,265,1
550x274,550,274,1
550x336,550,336,1
550x339,550,339,1
550x361,550,361,1
550x365,550,365,2
550x366,550,366,1
550x367,550,367,4
550x369,550,369,1
550x377,550,377,1
550x381,550,381,1
550x382,550,382,1
550x384,550,384,1
550x388,550,388,1
550x391,550,391,2
550x394,550,394,1
550x400,550,400,2
550x405,550,405,1
550x412,550,412,12
550x413,550,413,4
550x417,550,417,1
550x421,550,421,1
550x432,550,432,1
550x440,550,440,1
550x500,550,500,1
550x513,550,513,1
550x550,550,550,1
550x796,550,796,1
550x800,550,800,1
551x357,551,357,1
553x353,553,353,1
553x436,553,436,1
553x777,553,777,1
554x370,554,370,1
557x1098,557,1098,1
557x700,557,700,1
558x312,558,312,1
560x400,560,400,1
560x420,560,420,5
560x423,560,423,1
560x432,560,432,1
560x465,560,465,1
560x560,560,560,1
561x314,561,314,1
562x800,562,800,1
563x419,563,419,1
563x436,563,436,1
563x500,563,500,1
564x423,564,423,1
564x452,564,452,1
564x800,564,800,1
565x370,565,370,1
567x369,567,369,1
567x375,567,375,1
567x393,567,393,1
567x425,567,425,1
567x454,567,454,1
567x521,567,521,1
568x524,568,524,1
568x758,568,758,1
569x418,569,418,1
570x358,570,358,1
570x380,570,380,1
570x400,570,400,1
570x427,570,427,1
570x428,570,428,2
570x467,570,467,1
570x881,570,881,1
571x366,571,366,1
573x414,573,414,1
573x416,573,416,1
573x430,573,430,1
574x423,574,423,1
574x431,574,431,1
575x1132,575,1132,1
575x389,575,389,1
575x864,575,864,1
576x160,576,160,1
576x359,576,359,1
576x384,576,384,1
576x386,576,386,1
576x432,576,432,2
576x436,576,436,2
576x461,576,461,1
576x505,576,505,1
576x508,576,508,1
576x531,576,531,1
576x608,576,608,1
576x768,576,768,3
578x350,578,350,1
580x387,580,387,3
580x389,580,389,1
580x390,580,390,1
580x400,580,400,1
580x435,580,435,1
580x580,580,580,1
580x913,580,913,1
581x389,581,389,1
582x350,582,350,1
583x300,583,300,1
583x441,583,441,1
583x800,583,800,1
584x715,584,715,1
585x250,585,250,1
585x439,585,439,1
585x600,585,600,1
585x750,585,750,1
585x823,585,823,1
586x276,586,276,1
586x381,586,381,1
586x720,586,720,1
586x768,586,768,1
587x391,587,391,1
587x399,587,399,1
587x440,587,440,1
588x392,588,392,1
588x422,588,422,1
588x591,588,591,1
589x451,589,451,1
589x708,589,708,1
590x300,590,300,3
590x400,590,400,1
590x441,590,441,1
590x442,590,442,1
591x394,591,394,1
591x411,591,411,1
592x400,592,400,1
592x444,592,444,2
592x556,592,556,1
593x284,593,284,1
593x870,593,870,1
594x391,594,391,1
594x396,594,396,1
594x421,594,421,1
594x427,594,427,1
595x367,595,367,1
595x446,595,446,1
596x350,596,350,1
596x530,596,530,1
597x448,597,448,1
597x454,597,454,1
598x400,598,400,2
598x409,598,409,1
598x506,598,506,1
598x800,598,800,1
599x394,599,394,1
599x450,599,450,1
59x88,59,88,1
600x230,600,230,1
600x243,600,243,1
600x250,600,250,1
600x259,600,259,1
600x293,600,293,1
600x296,600,296,1
600x310,600,310,1
600x336,600,336,1
600x338,600,338,1
600x347,600,347,1
600x360,600,360,1
600x371,600,371,1
600x372,600,372,1
600x374,600,374,1
600x378,600,378,1
600x379,600,379,1
600x382,600,382,1
600x389,600,389,2
600x391,600,391,1
600x393,600,393,3
600x394,600,394,1
600x395,600,395,1
600x396,600,396,1
600x398,600,398,1
600x399,600,399,9
600x400,600,400,37
600x401,600,401,3
600x402,600,402,3
600x409,600,409,2
600x410,600,410,2
600x411,600,411,1
600x417,600,417,1
600x419,600,419,1
600x423,600,423,1
600x424,600,424,1
600x425,600,425,1
600x427,600,427,1
600x428,600,428,1
600x433,600,433,1
600x436,600,436,1
600x440,600,440,1
600x445,600,445,2
600x446,600,446,2
600x447,600,447,1
600x448,600,448,1
600x449,600,449,1
600x450,600,450,57
600x453,600,453,2
600x456,600,456,1
600x458,600,458,1
600x460,600,460,1
600x467,600,467,1
600x470,600,470,1
600x471,600,471,1
600x472,600,472,2
600x473,600,473,1
600x475,600,475,2
600x480,600,480,5
600x481,600,481,3
600x494,600,494,1
600x515,600,515,1
600x518,600,518,1
600x523,600,523,2
600x535,600,535,1
600x549,600,549,1
600x564,600,564,1
600x575,600,575,1
600x576,600,576,1
600x577,600,577,1
600x579,600,579,2
600x581,600,581,1
600x583,600,583,1
600x594,600,594,1
600x600,600,600,9
600x601,600,601,1
600x622,600,622,1
600x635,600,635,1
600x636,600,636,1
600x647,600,647,1
600x691,600,691,1
600x726,600,726,1
600x753,600,753,2
600x799,600,799,1
600x800,600,800,19
600x825,600,825,1
600x848,600,848,1
600x850,600,850,1
600x900,600,900,2
600x902,600,902,1
601x490,601,490,1
602x400,602,400,1
603x400,603,400,1
603x507,603,507,1
604x379,604,379,1
604x396,604,396,1
604x404,604,404,1
604x453,604,453,2
604x674,604,674,1
605x480,605,480,1
607x1158,607,1158,1
607x663,607,663,1
608x413,608,413,1
60x75,60,75,1
60x80,60,80,1
610x1073,610,1073,1
610x359,610,359,1
610x395,610,395,1
610x406,610,406,1
610x410,610,410,2
610x416,610,416,1
610x457,610,457,1
610x460,610,460,1
610x541,610,541,1
611x550,611,550,1
611x768,611,768,1
612x1006,612,1006,1
612x402,612,402,1
612x408,612,408,2
612x459,612,459,1
612x792,612,792,1
613x421,613,421,1
614x146,614,146,1
614x409,614,409,1
614x427,614,427,1
614x461,614,461,1
614x768,614,768,1
615x409,615,409,1
615x461,615,461,2
616x462,616,462,2
616x555,616,555,1
618x475,618,475,1
620x405,620,405,1
620x413,620,413,1
620x437,620,437,1
620x456,620,456,1
620x465,620,465,1
620x800,620,800,1
622x350,622,350,1
622x352,622,352,1
622x653,622,653,1
623x480,623,480,1
624x480,624,480,1
625x319,625,319,1
625x416,625,416,1
625x469,625,469,4
625x471,625,471,1
625x513,625,513,1
625x781,625,781,1
627x469,627,469,1
628x574,628,574,1
629x362,629,362,1
62x80,62,80,1
62x87,62,87,1
630x339,630,339,1
630x437,630,437,1
630x450,630,450,1
630x458,630,458,1
630x589,630,589,1
631x467,631,467,1
632x1000,632,1000,1
632x474,632,474,1
633x306,633,306,1
633x336,633,336,1
633x427,633,427,1
635x448,635,448,1
636x328,636,328,1
636x422,636,422,1
636x424,636,424,1
637x457,637,457,1
638x514,638,514,1
638x576,638,576,1
639x600,639,600,1
63x80,63,80,1
640x316,640,316,1
640x328,640,328,1
640x343,640,343,1
640x345,640,345,1
640x360,640,360,1
640x362,640,362,1
640x363,640,363,1
640x415,640,415,1
640x419,640,419,2
640x420,640,420,2
640x422,640,422,1
640x423,640,423,1
640x425,640,425,4
640x426,640,426,6
640x427,640,427,7
640x428,640,428,4
640x429,640,429,1
640x430,640,430,1
640x438,640,438,1
640x441,640,441,1
640x443,640,443,1
640x448,640,448,2
640x471,640,471,2
640x473,640,473,1
640x480,640,480,141
640x481,640,481,2
640x482,640,482,2
640x487,640,487,1
640x490,640,490,1
640x506,640,506,1
640x513,640,513,1
640x520,640,520,1
640x543,640,543,1
640x552,640,552,1
640x581,640,581,1
640x605,640,605,1
640x626,640,626,1
640x640,640,640,2
640x777,640,777,1
640x800,640,800,1
640x866,640,866,1
641x480,641,480,1
641x596,641,596,1
642x379,642,379,1
642x412,642,412,1
645x388,645,388,1
645x766,645,766,1
648x432,648,432,1
648x448,648,448,1
648x610,648,610,1
648x738,648,738,1
64x64,64,64,1
650x1035,650,1035,1
650x413,650,413,1
650x424,650,424,1
650x433,650,433,2
650x435,650,435,1
650x440,650,440,1
650x462,650,462,1
650x487,650,487,2
650x488,650,488,7
650x489,650,489,1
650x500,650,500,1
650x520,650,520,1
650x544,650,544,1
650x557,650,557,1
650x609,650,609,1
650x625,650,625,1
650x650,650,650,2
652x300,652,300,1
652x758,652,758,1
653x397,653,397,1
653x489,653,489,1
653x490,653,490,1
654x400,654,400,1
656x456,656,456,1
656x580,656,580,1
660x381,660,381,1
660x400,660,400,1
660x500,660,500,1
661x519,661,519,1
665x540,665,540,1
667x505,667,505,1
670x480,670,480,1
670x502,670,502,1
670x503,670,503,1
670x986,670,986,1
672x398,672,398,1
672x448,672,448,1
672x819,672,819,1
674x318,674,318,1
675x1200,675,1200,1
675x510,675,510,1
675x578,675,578,1
675x873,675,873,1
676x411,676,411,1
676x507,676,507,2
677x800,677,800,1
679x289,679,289,1
679x768,679,768,1
679x985,679,985,1
681x454,681,454,1
681x511,681,511,1
681x908,681,908,1
684x176,684,176,1
684x250,684,250,1
684x595,684,595,1
685x1024,685,1024,1
686x224,686,224,1
686x360,686,360,1
686x475,686,475,1
688x574,688,574,1
691x670,691,670,1
691x868,691,868,1
692x768,692,768,1
696x332,696,332,1
696x522,696,522,1
697x566,697,566,1
699x1074,699,1074,1
699x1156,699,1156,1
699x512,699,512,1
700x1050,700,1050,1
700x300,700,300,2
700x347,700,347,1
700x400,700,400,1
700x420,700,420,1
700x441,700,441,1
700x447,700,447,1
700x453,700,453,1
700x464,700,464,1
700x465,700,465,2
700x466,700,466,2
700x467,700,467,5
700x469,700,469,1
700x479,700,479,1
700x493,700,493,1
700x497,700,497,1
700x500,700,500,2
700x525,700,525,12
700x527,700,527,1
700x528,700,528,1
700x548,700,548,1
700x549,700,549,1
700x583,700,583,1
700x600,700,600,3
700x656,700,656,1
700x682,700,682,1
701x467,701,467,1
704x586,704,586,1
708x493,708,493,1
708x500,708,500,1
709x600,709,600,1
709x748,709,748,1
70x70,70,70,2
710x480,710,480,1
711x479,711,479,1
713x476,713,476,1
713x588,713,588,1
717x538,717,538,1
717x583,717,583,1
719x466,719,466,1
71x71,71,71,1
71x80,71,80,1
720x375,720,375,1
720x381,720,381,1
720x395,720,395,1
720x480,720,480,2
720x521,720,521,1
720x540,720,540,2
720x542,720,542,1
720x576,720,576,1
720x720,720,720,1
720x900,720,900,1
721x424,721,424,1
721x504,721,504,1
721x543,721,543,1
721x545,721,545,1
722x480,722,480,1
722x541,722,541,1
723x482,723,482,1
725x800,725,800,1
726x798,726,798,1
727x1024,727,1024,1
728x973,728,973,1
72x82,72,82,1
730x550,730,550,1
731x341,731,341,1
732x505,732,505,1
733x479,733,479,1
734x1152,734,1152,1
735x502,735,502,1
736x492,736,492,1
736x544,736,544,1
736x627,736,627,1
73x128,73,128,1
740x518,740,518,1
740x525,740,525,1
740x740,740,740,1
742x508,742,508,1
743x459,743,459,1
744x992,744,992,1
745x699,745,699,1
746x600,746,600,1
74x56,74,56,1
750x1000,750,1000,1
750x186,750,186,1
750x398,750,398,1
750x422,750,422,1
750x485,750,485,1
750x495,750,495,1
750x500,750,500,2
750x503,750,503,1
750x551,750,551,1
750x561,750,561,2
750x562,750,562,1
750x563,750,563,1
750x581,750,581,1
750x600,750,600,2
750x669,750,669,1
750x750,750,750,2
752x425,752,425,1
752x500,752,500,1
752x507,752,507,1
753x570,753,570,1
755x575,755,575,1
756x567,756,567,2
75x100,75,100,1
75x52,75,52,1
75x56,75,56,1
75x57,75,57,1
75x63,75,63,1
75x75,75,75,4
760x314,760,314,1
760x505,760,505,1
762x419,762,419,1
762x542,762,542,1
764x502,764,502,1
765x818,765,818,1
766x1024,766,1024,1
766x511,766,511,1
766x768,766,768,1
767x457,767,457,1
768x1024,768,1024,3
768x413,768,413,1
768x507,768,507,1
768x512,768,512,2
768x514,768,514,1
768x540,768,540,2
768x576,768,576,2
768x768,768,768,2
76x125,76,125,1
775x1203,775,1203,1
775x581,775,581,1
775x600,775,600,1
778x584,778,584,1
780x552,780,552,1
780x624,780,624,1
781x1200,781,1200,1
781x527,781,527,1
784x456,784,456,1
784x862,784,862,1
787x575,787,575,1
78x104,78,104,1
78x105,78,105,1
791x1213,791,1213,1
792x334,792,334,1
793x215,793,215,1
795x568,795,568,1
795x590,795,590,1
796x539,796,539,1
798x315,798,315,1
798x598,798,598,1
799x599,799,599,1
800x1006,800,1006,1
800x1063,800,1063,1
800x1067,800,1067,1
800x1083,800,1083,1
800x1125,800,1125,1
800x296,800,296,1
800x417,800,417,1
800x441,800,441,1
800x442,800,442,1
800x450,800,450,1
800x456,800,456,1
800x465,800,465,1
800x467,800,467,1
800x469,800,469,2
800x489,800,489,1
800x500,800,500,1
800x503,800,503,1
800x504,800,504,1
800x505,800,505,1
800x510,800,510,1
800x515,800,515,1
800x519,800,519,1
800x522,800,522,1
800x525,800,525,1
800x528,800,528,1
800x530,800,530,2
800x531,800,531,4
800x532,800,532,3
800x533,800,533,16
800x534,800,534,3
800x535,800,535,1
800x540,800,540,1
800x541,800,541,1
800x543,800,543,1
800x546,800,546,1
800x548,800,548,1
800x560,800,560,1
800x564,800,564,1
800x567,800,567,1
800x571,800,571,1
800x572,800,572,1
800x573,800,573,2
800x574,800,574,1
800x578,800,578,1
800x583,800,583,2
800x585,800,585,1
800x589,800,589,1
800x590,800,590,1
800x597,800,597,1
800x599,800,599,4
800x600,800,600,77
800x601,800,601,1
800x602,800,602,2
800x616,800,616,1
800x618,800,618,1
800x626,800,626,1
800x640,800,640,1
800x656,800,656,1
800x659,800,659,1
800x660,800,660,1
800x674,800,674,1
800x694,800,694,1
800x697,800,697,1
800x706,800,706,1
800x707,800,707,2
800x718,800,718,1
800x725,800,725,1
800x738,800,738,1
800x759,800,759,1
800x794,800,794,1
800x800,800,800,2
801x600,801,600,1
802x596,802,596,1
807x605,807,605,1
80x120,80,120,1
80x60,80,60,1
80x70,80,70,1
80x80,80,80,3
810x1356,810,1356,1
810x539,810,539,1
811x551,811,551,1
816x480,816,480,1
819x614,819,614,1
824x312,824,312,1
825x708,825,708,1
826x1389,826,1389,1
827x1036,827,1036,1
827x617,827,617,1
82x100,82,100,1
830x499,830,499,1
833x877,833,877,1
834x667,834,667,1
834x834,834,834,1
836x534,836,534,1
836x648,836,648,1
83x84,83,84,1
840x663,840,663,1
846x636,846,636,1
849x568,849,568,1
849x700,849,700,1
84x140,84,140,1
850x1125,850,1125,1
850x550,850,550,1
850x567,850,567,3
850x606,850,606,1
851x608,851,608,1
851x740,851,740,1
852x856,852,856,1
854x480,854,480,1
857x850,857,850,1
85x100,85,100,1
85x130,85,130,1
860x580,860,580,1
864x566,864,566,1
864x730,864,730,1
864x813,864,813,1
866x866,866,866,1
867x405,867,405,1
867x534,867,534,1
867x996,867,996,1
868x500,868,500,1
86x104,86,104,1
870x514,870,514,1
872x1152,872,1152,1
873x390,873,390,1
875x656,875,656,1
876x449,876,449,1
877x955,877,955,1
87x107,87,107,1
87x115,87,115,1
87x120,87,120,1
87x130,87,130,1
880x1062,880,1062,1
880x568,880,568,1
880x584,880,584,1
881x752,881,752,1
882x859,882,859,1
884x691,884,691,1
885x652,885,652,1
888x573,888,573,1
889x667,889,667,1
88x110,88,110,1
88x126,88,126,1
88x89,88,89,1
892x594,892,594,1
893x309,893,309,1
896x592,896,592,1
896x672,896,672,1
899x600,899,600,1
89x124,89,124,1
89x135,89,135,1
89x60,89,60,1
900x1350,900,1350,1
900x532,900,532,1
900x600,900,600,6
900x601,900,601,1
900x622,900,622,1
900x660,900,660,1
900x675,900,675,1
900x734,900,734,1
900x825,900,825,1
900x900,900,900,1
900x994,900,994,1
901x847,901,847,1
904x679,904,679,1
905x700,905,700,1
906x903,906,903,1
909x682,909,682,1
909x768,909,768,1
90x108,90,108,1
90x90,90,90,6
916x685,916,685,1
917x586,917,586,1
919x1349,919,1349,1
919x794,919,794,1
91x124,91,124,1
91x160,91,160,1
920x662,920,662,1
923x1382,923,1382,1
926x695,926,695,1
927x567,927,567,1
928x696,928,696,1
92x132,92,132,1
930x698,930,698,1
931x609,931,609,1
933x700,933,700,1
938x275,938,275,1
93x119,93,119,1
93x124,93,124,1
93x135,93,135,1
940x705,940,705,1
940x730,940,730,1
944x574,944,574,1
945x709,945,709,1
94x125,94,125,1
955x716,955,716,1
957x659,957,659,1
958x652,958,652,1
959x719,959,719,1
95x127,95,127,1
95x74,95,74,1
960x1280,960,1280,2
960x640,960,640,1
960x720,960,720,1
964x618,964,618,1
966x1000,966,1000,1
966x549,966,549,1
96x128,96,128,1
96x130,96,130,1
96x145,96,145,1
96x68,96,68,1
96x72,96,72,1
970x647,970,647,1
971x595,971,595,1
973x656,973,656,1
975x1287,975,1287,1
979x603,979,603,1
97x160,97,160,1
97x90,97,90,1
980x1608,980,1608,1
980x735,980,735,1
989x796,989,796,1
98x120,98,120,1
98x124,98,124,1
98x57,98,57,1
99x130,99,130,1
99x150,99,150,1
